q,H,metric,mean,lo,hi
0.01,100,D_pi,0.004456106659105246,0.004456106659105246,0.004456106659105246
0.01,100,D_pi_manual,0.004456106659105246,0.004456106659105246,0.004456106659105246
0.01,100,Delta_W,0.004000000000000479,0.004000000000000479,0.004000000000000479
0.01,100,gamma_ps,0.00839918595134459,0.00839918595134459,0.00839918595134459
0.01,100,oracle,0.3868333333333334,0.37083333333333335,0.4018375
0.01,100,stage1,0.4673333333333333,0.45866666666666667,0.4751666666666667
0.01,100,stage2,0.46683333333333327,0.4580000000000001,0.4754999999999999
0.01,200,D_pi,0.004456106659105246,0.004456106659105246,0.004456106659105246
0.01,200,D_pi_manual,0.004456106659105246,0.004456106659105246,0.004456106659105246
0.01,200,Delta_W,0.004000000000000479,0.004000000000000479,0.004000000000000479
0.01,200,gamma_ps,0.00839918595134459,0.00839918595134459,0.00839918595134459
0.01,200,oracle,0.32866666666666666,0.3159958333333333,0.34183749999999996
0.01,200,stage1,0.4696666666666667,0.4628333333333334,0.4764999999999999
0.01,200,stage2,0.4428333333333333,0.4233333333333334,0.4606666666666666
0.01,300,D_pi,0.004456106659105246,0.004456106659105246,0.004456106659105246
0.01,300,D_pi_manual,0.004456106659105246,0.004456106659105246,0.004456106659105246
0.01,300,Delta_W,0.004000000000000479,0.004000000000000479,0.004000000000000479
0.01,300,gamma_ps,0.00839918595134459,0.00839918595134459,0.00839918595134459
0.01,300,oracle,0.29750000000000004,0.28666250000000004,0.3084999999999999
0.01,300,stage1,0.47533333333333333,0.4676666666666666,0.482
0.01,300,stage2,0.42116666666666674,0.3978333333333333,0.44266666666666654
0.01,400,D_pi,0.004456106659105246,0.004456106659105246,0.004456106659105246
0.01,400,D_pi_manual,0.004456106659105246,0.004456106659105246,0.004456106659105246
0.01,400,Delta_W,0.004000000000000479,0.004000000000000479,0.004000000000000479
0.01,400,gamma_ps,0.00839918595134459,0.00839918595134459,0.00839918595134459
0.01,400,oracle,0.26566666666666666,0.25650000000000006,0.2750000000000001
0.01,400,stage1,0.464,0.45599583333333327,0.4716666666666667
0.01,400,stage2,0.35300000000000004,0.3269958333333333,0.3801708333333333
0.01,500,D_pi,0.004456106659105246,0.004456106659105246,0.004456106659105246
0.01,500,D_pi_manual,0.004456106659105246,0.004456106659105246,0.004456106659105246
0.01,500,Delta_W,0.004000000000000479,0.004000000000000479,0.004000000000000479
0.01,500,gamma_ps,0.00839918595134459,0.00839918595134459,0.00839918595134459
0.01,500,oracle,0.25,0.2375,0.262
0.01,500,stage1,0.47383333333333333,0.46599999999999997,0.48116666666666663
0.01,500,stage2,0.3325000000000001,0.3004958333333333,0.3674999999999999
0.01,600,D_pi,0.004456106659105246,0.004456106659105246,0.004456106659105246
0.01,600,D_pi_manual,0.004456106659105246,0.004456106659105246,0.004456106659105246
0.01,600,Delta_W,0.004000000000000479,0.004000000000000479,0.004000000000000479
0.01,600,gamma_ps,0.00839918595134459,0.00839918595134459,0.00839918595134459
0.01,600,oracle,0.213,0.20433333333333337,0.22133333333333333
0.01,600,stage1,0.47233333333333327,0.4651666666666666,0.4791666666666667
0.01,600,stage2,0.2778333333333334,0.2533333333333333,0.3061666666666667
0.01,700,D_pi,0.004456106659105246,0.004456106659105246,0.004456106659105246
0.01,700,D_pi_manual,0.004456106659105246,0.004456106659105246,0.004456106659105246
0.01,700,Delta_W,0.004000000000000479,0.004000000000000479,0.004000000000000479
0.01,700,gamma_ps,0.00839918595134459,0.00839918595134459,0.00839918595134459
0.01,700,oracle,0.1875,0.17866666666666667,0.19566666666666663
0.01,700,stage1,0.47733333333333333,0.4701666666666667,0.48400000000000004
0.01,700,stage2,0.23983333333333334,0.21450000000000002,0.27066666666666667
0.01,800,D_pi,0.004456106659105246,0.004456106659105246,0.004456106659105246
0.01,800,D_pi_manual,0.004456106659105246,0.004456106659105246,0.004456106659105246
0.01,800,Delta_W,0.004000000000000479,0.004000000000000479,0.004000000000000479
0.01,800,gamma_ps,0.00839918595134459,0.00839918595134459,0.00839918595134459
0.01,800,oracle,0.165,0.15616666666666665,0.17383333333333334
0.01,800,stage1,0.47416666666666657,0.4673333333333333,0.4799999999999999
0.01,800,stage2,0.21816666666666668,0.19366666666666668,0.24866666666666665
0.01,900,D_pi,0.004456106659105246,0.004456106659105246,0.004456106659105246
0.01,900,D_pi_manual,0.004456106659105246,0.004456106659105246,0.004456106659105246
0.01,900,Delta_W,0.004000000000000479,0.004000000000000479,0.004000000000000479
0.01,900,gamma_ps,0.00839918595134459,0.00839918595134459,0.00839918595134459
0.01,900,oracle,0.1491666666666667,0.142,0.15649999999999997
0.01,900,stage1,0.478,0.4695,0.48533333333333323
0.01,900,stage2,0.18866666666666668,0.169,0.21499999999999997
0.01,1000,D_pi,0.004456106659105246,0.004456106659105246,0.004456106659105246
0.01,1000,D_pi_manual,0.004456106659105246,0.004456106659105246,0.004456106659105246
0.01,1000,Delta_W,0.004000000000000479,0.004000000000000479,0.004000000000000479
0.01,1000,gamma_ps,0.00839918595134459,0.00839918595134459,0.00839918595134459
0.01,1000,oracle,0.14066666666666666,0.13216666666666668,0.14900000000000005
0.01,1000,stage1,0.4753333333333333,0.46616666666666673,0.48349999999999993
0.01,1000,stage2,0.18683333333333338,0.15432916666666666,0.22833333333333336
0.01,1100,D_pi,0.004456106659105246,0.004456106659105246,0.004456106659105246
0.01,1100,D_pi_manual,0.004456106659105246,0.004456106659105246,0.004456106659105246
0.01,1100,Delta_W,0.004000000000000479,0.004000000000000479,0.004000000000000479
0.01,1100,gamma_ps,0.00839918595134459,0.00839918595134459,0.00839918595134459
0.01,1100,oracle,0.13500000000000004,0.12783333333333335,0.14233333333333334
0.01,1100,stage1,0.47133333333333327,0.46283333333333326,0.47883333333333333
0.01,1100,stage2,0.16066666666666668,0.14250000000000002,0.1885
0.01,1200,D_pi,0.004456106659105246,0.004456106659105246,0.004456106659105246
0.01,1200,D_pi_manual,0.004456106659105246,0.004456106659105246,0.004456106659105246
0.01,1200,Delta_W,0.004000000000000479,0.004000000000000479,0.004000000000000479
0.01,1200,gamma_ps,0.00839918595134459,0.00839918595134459,0.00839918595134459
0.01,1200,oracle,0.11233333333333334,0.10483333333333332,0.12016666666666666
0.01,1200,stage1,0.4796666666666667,0.4718333333333333,0.48616666666666664
0.01,1200,stage2,0.13516666666666666,0.11633333333333334,0.16383749999999997
0.01,1300,D_pi,0.004456106659105246,0.004456106659105246,0.004456106659105246
0.01,1300,D_pi_manual,0.004456106659105246,0.004456106659105246,0.004456106659105246
0.01,1300,Delta_W,0.004000000000000479,0.004000000000000479,0.004000000000000479
0.01,1300,gamma_ps,0.00839918595134459,0.00839918595134459,0.00839918595134459
0.01,1300,oracle,0.09849999999999999,0.09283333333333328,0.10466666666666664
0.01,1300,stage1,0.4725000000000001,0.4625000000000001,0.4809999999999998
0.01,1300,stage2,0.1215,0.11249999999999999,0.13166666666666665
0.01,1400,D_pi,0.004456106659105246,0.004456106659105246,0.004456106659105246
0.01,1400,D_pi_manual,0.004456106659105246,0.004456106659105246,0.004456106659105246
0.01,1400,Delta_W,0.004000000000000479,0.004000000000000479,0.004000000000000479
0.01,1400,gamma_ps,0.00839918595134459,0.00839918595134459,0.00839918595134459
0.01,1400,oracle,0.09416666666666665,0.08816666666666663,0.09999999999999999
0.01,1400,stage1,0.4668333333333334,0.4565,0.47616666666666674
0.01,1400,stage2,0.10749999999999998,0.09833333333333334,0.11683333333333334
0.01,1500,D_pi,0.004456106659105246,0.004456106659105246,0.004456106659105246
0.01,1500,D_pi_manual,0.004456106659105246,0.004456106659105246,0.004456106659105246
0.01,1500,Delta_W,0.004000000000000479,0.004000000000000479,0.004000000000000479
0.01,1500,gamma_ps,0.00839918595134459,0.00839918595134459,0.00839918595134459
0.01,1500,oracle,0.08016666666666665,0.07466666666666665,0.08549999999999998
0.01,1500,stage1,0.47300000000000003,0.4663333333333333,0.4788333333333332
0.01,1500,stage2,0.08999999999999998,0.08366666666666663,0.09633333333333333
0.01,1600,D_pi,0.004456106659105246,0.004456106659105246,0.004456106659105246
0.01,1600,D_pi_manual,0.004456106659105246,0.004456106659105246,0.004456106659105246
0.01,1600,Delta_W,0.004000000000000479,0.004000000000000479,0.004000000000000479
0.01,1600,gamma_ps,0.00839918595134459,0.00839918595134459,0.00839918595134459
0.01,1600,oracle,0.07749999999999997,0.06983333333333333,0.08516666666666664
0.01,1600,stage1,0.4696666666666667,0.4595,0.47866666666666663
0.01,1600,stage2,0.08349999999999999,0.07632916666666664,0.0905
0.01,1700,D_pi,0.004456106659105246,0.004456106659105246,0.004456106659105246
0.01,1700,D_pi_manual,0.004456106659105246,0.004456106659105246,0.004456106659105246
0.01,1700,Delta_W,0.004000000000000479,0.004000000000000479,0.004000000000000479
0.01,1700,gamma_ps,0.00839918595134459,0.00839918595134459,0.00839918595134459
0.01,1700,oracle,0.0685,0.061500000000000006,0.07583333333333332
0.01,1700,stage1,0.47,0.4613333333333333,0.4776666666666667
0.01,1700,stage2,0.07583333333333332,0.06899999999999999,0.08366666666666663
0.01,1800,D_pi,0.004456106659105246,0.004456106659105246,0.004456106659105246
0.01,1800,D_pi_manual,0.004456106659105246,0.004456106659105246,0.004456106659105246
0.01,1800,Delta_W,0.004000000000000479,0.004000000000000479,0.004000000000000479
0.01,1800,gamma_ps,0.00839918595134459,0.00839918595134459,0.00839918595134459
0.01,1800,oracle,0.057666666666666665,0.05233333333333336,0.06333333333333334
0.01,1800,stage1,0.46649999999999997,0.45799999999999996,0.47483333333333333
0.01,1800,stage2,0.07316666666666664,0.06633333333333333,0.08083333333333333
0.01,1900,D_pi,0.004456106659105246,0.004456106659105246,0.004456106659105246
0.01,1900,D_pi_manual,0.004456106659105246,0.004456106659105246,0.004456106659105246
0.01,1900,Delta_W,0.004000000000000479,0.004000000000000479,0.004000000000000479
0.01,1900,gamma_ps,0.00839918595134459,0.00839918595134459,0.00839918595134459
0.01,1900,oracle,0.058833333333333335,0.05266666666666668,0.06533333333333333
0.01,1900,stage1,0.46966666666666657,0.4615,0.4766666666666666
0.01,1900,stage2,0.06683333333333333,0.06150000000000001,0.07249999999999998
0.01,2000,D_pi,0.004456106659105246,0.004456106659105246,0.004456106659105246
0.01,2000,D_pi_manual,0.004456106659105246,0.004456106659105246,0.004456106659105246
0.01,2000,Delta_W,0.004000000000000479,0.004000000000000479,0.004000000000000479
0.01,2000,gamma_ps,0.00839918595134459,0.00839918595134459,0.00839918595134459
0.01,2000,oracle,0.0471666666666667,0.041333333333333354,0.05350000000000003
0.01,2000,stage1,0.4666666666666667,0.45699999999999996,0.47616666666666657
0.01,2000,stage2,0.05116666666666668,0.04383333333333335,0.05866666666666667
0.03,100,D_pi,0.004456106659104799,0.004456106659104799,0.004456106659104799
0.03,100,D_pi_manual,0.004456106659104799,0.004456106659104799,0.004456106659104799
0.03,100,Delta_W,0.004000000000000092,0.004000000000000092,0.004000000000000092
0.03,100,gamma_ps,0.02399354563239109,0.02399354563239109,0.02399354563239109
0.03,100,oracle,0.37299999999999994,0.3603333333333333,0.3856666666666666
0.03,100,stage1,0.4759999999999999,0.46983333333333327,0.4818333333333333
0.03,100,stage2,0.4643333333333334,0.45250000000000007,0.4746666666666666
0.03,200,D_pi,0.004456106659104799,0.004456106659104799,0.004456106659104799
0.03,200,D_pi_manual,0.004456106659104799,0.004456106659104799,0.004456106659104799
0.03,200,Delta_W,0.004000000000000092,0.004000000000000092,0.004000000000000092
0.03,200,gamma_ps,0.02399354563239109,0.02399354563239109,0.02399354563239109
0.03,200,oracle,0.3113333333333334,0.3018333333333334,0.32083333333333336
0.03,200,stage1,0.4716666666666667,0.46449999999999997,0.47849999999999987
0.03,200,stage2,0.44099999999999995,0.42333333333333345,0.45749999999999996
0.03,300,D_pi,0.004456106659104799,0.004456106659104799,0.004456106659104799
0.03,300,D_pi_manual,0.004456106659104799,0.004456106659104799,0.004456106659104799
0.03,300,Delta_W,0.004000000000000092,0.004000000000000092,0.004000000000000092
0.03,300,gamma_ps,0.02399354563239109,0.02399354563239109,0.02399354563239109
0.03,300,oracle,0.2721666666666666,0.2596625,0.2846666666666667
0.03,300,stage1,0.4713333333333332,0.4608333333333333,0.48000000000000004
0.03,300,stage2,0.38999999999999996,0.37099999999999994,0.409
0.03,400,D_pi,0.004456106659104799,0.004456106659104799,0.004456106659104799
0.03,400,D_pi_manual,0.004456106659104799,0.004456106659104799,0.004456106659104799
0.03,400,Delta_W,0.004000000000000092,0.004000000000000092,0.004000000000000092
0.03,400,gamma_ps,0.02399354563239109,0.02399354563239109,0.02399354563239109
0.03,400,oracle,0.21866666666666665,0.20999999999999996,0.22783333333333333
0.03,400,stage1,0.4668333333333333,0.45866666666666667,0.474
0.03,400,stage2,0.36950000000000005,0.33916666666666667,0.3996708333333333
0.03,500,D_pi,0.004456106659104799,0.004456106659104799,0.004456106659104799
0.03,500,D_pi_manual,0.004456106659104799,0.004456106659104799,0.004456106659104799
0.03,500,Delta_W,0.004000000000000092,0.004000000000000092,0.004000000000000092
0.03,500,gamma_ps,0.02399354563239109,0.02399354563239109,0.02399354563239109
0.03,500,oracle,0.19,0.183,0.19816666666666669
0.03,500,stage1,0.46933333333333327,0.46199999999999997,0.47633333333333316
0.03,500,stage2,0.26616666666666666,0.24366666666666661,0.293
0.03,600,D_pi,0.004456106659104799,0.004456106659104799,0.004456106659104799
0.03,600,D_pi_manual,0.004456106659104799,0.004456106659104799,0.004456106659104799
0.03,600,Delta_W,0.004000000000000092,0.004000000000000092,0.004000000000000092
0.03,600,gamma_ps,0.02399354563239109,0.02399354563239109,0.02399354563239109
0.03,600,oracle,0.1631666666666667,0.1536666666666667,0.17233333333333337
0.03,600,stage1,0.4755,0.46716666666666656,0.4826666666666666
0.03,600,stage2,0.24166666666666667,0.21133333333333332,0.2768333333333333
0.03,700,D_pi,0.004456106659104799,0.004456106659104799,0.004456106659104799
0.03,700,D_pi_manual,0.004456106659104799,0.004456106659104799,0.004456106659104799
0.03,700,Delta_W,0.004000000000000092,0.004000000000000092,0.004000000000000092
0.03,700,gamma_ps,0.02399354563239109,0.02399354563239109,0.02399354563239109
0.03,700,oracle,0.142,0.13283333333333333,0.15050000000000002
0.03,700,stage1,0.4721666666666667,0.46649999999999997,0.47750000000000004
0.03,700,stage2,0.1996666666666667,0.17366666666666666,0.23233333333333336
0.03,800,D_pi,0.004456106659104799,0.004456106659104799,0.004456106659104799
0.03,800,D_pi_manual,0.004456106659104799,0.004456106659104799,0.004456106659104799
0.03,800,Delta_W,0.004000000000000092,0.004000000000000092,0.004000000000000092
0.03,800,gamma_ps,0.02399354563239109,0.02399354563239109,0.02399354563239109
0.03,800,oracle,0.12766666666666668,0.12066666666666669,0.13483333333333333
0.03,800,stage1,0.46849999999999997,0.46049999999999996,0.4765
0.03,800,stage2,0.18883333333333335,0.15433333333333335,0.22950416666666662
0.03,900,D_pi,0.004456106659104799,0.004456106659104799,0.004456106659104799
0.03,900,D_pi_manual,0.004456106659104799,0.004456106659104799,0.004456106659104799
0.03,900,Delta_W,0.004000000000000092,0.004000000000000092,0.004000000000000092
0.03,900,gamma_ps,0.02399354563239109,0.02399354563239109,0.02399354563239109
0.03,900,oracle,0.10816666666666666,0.09933333333333334,0.11700000000000002
0.03,900,stage1,0.4758333333333332,0.46782916666666663,0.4833333333333333
0.03,900,stage2,0.12966666666666668,0.119,0.14083333333333334
0.03,1000,D_pi,0.004456106659104799,0.004456106659104799,0.004456106659104799
0.03,1000,D_pi_manual,0.004456106659104799,0.004456106659104799,0.004456106659104799
0.03,1000,Delta_W,0.004000000000000092,0.004000000000000092,0.004000000000000092
0.03,1000,gamma_ps,0.02399354563239109,0.02399354563239109,0.02399354563239109
0.03,1000,oracle,0.10166666666666666,0.09400000000000001,0.10966666666666666
0.03,1000,stage1,0.46616666666666656,0.4581666666666667,0.47383333333333333
0.03,1000,stage2,0.11516666666666667,0.10766666666666665,0.12299999999999997
0.03,1100,D_pi,0.004456106659104799,0.004456106659104799,0.004456106659104799
0.03,1100,D_pi_manual,0.004456106659104799,0.004456106659104799,0.004456106659104799
0.03,1100,Delta_W,0.004000000000000092,0.004000000000000092,0.004000000000000092
0.03,1100,gamma_ps,0.02399354563239109,0.02399354563239109,0.02399354563239109
0.03,1100,oracle,0.08249999999999996,0.07683333333333331,0.08849999999999998
0.03,1100,stage1,0.4684999999999999,0.45699999999999996,0.47866666666666663
0.03,1100,stage2,0.09899999999999998,0.09383333333333328,0.10433333333333332
0.03,1200,D_pi,0.004456106659104799,0.004456106659104799,0.004456106659104799
0.03,1200,D_pi_manual,0.004456106659104799,0.004456106659104799,0.004456106659104799
0.03,1200,Delta_W,0.004000000000000092,0.004000000000000092,0.004000000000000092
0.03,1200,gamma_ps,0.02399354563239109,0.02399354563239109,0.02399354563239109
0.03,1200,oracle,0.0705,0.06366666666666668,0.07799999999999999
0.03,1200,stage1,0.4731666666666666,0.46649999999999997,0.4789999999999999
0.03,1200,stage2,0.08033333333333333,0.074,0.0868333333333333
0.03,1300,D_pi,0.004456106659104799,0.004456106659104799,0.004456106659104799
0.03,1300,D_pi_manual,0.004456106659104799,0.004456106659104799,0.004456106659104799
0.03,1300,Delta_W,0.004000000000000092,0.004000000000000092,0.004000000000000092
0.03,1300,gamma_ps,0.02399354563239109,0.02399354563239109,0.02399354563239109
0.03,1300,oracle,0.059000000000000004,0.052500000000000005,0.06566666666666664
0.03,1300,stage1,0.47550000000000003,0.46799999999999997,0.4816666666666667
0.03,1300,stage2,0.07166666666666668,0.06366666666666669,0.08133749999999995
0.03,1400,D_pi,0.004456106659104799,0.004456106659104799,0.004456106659104799
0.03,1400,D_pi_manual,0.004456106659104799,0.004456106659104799,0.004456106659104799
0.03,1400,Delta_W,0.004000000000000092,0.004000000000000092,0.004000000000000092
0.03,1400,gamma_ps,0.02399354563239109,0.02399354563239109,0.02399354563239109
0.03,1400,oracle,0.05833333333333335,0.05333333333333335,0.06366666666666666
0.03,1400,stage1,0.4711666666666666,0.4626666666666666,0.4786666666666666
0.03,1400,stage2,0.06749999999999999,0.06200000000000001,0.07299999999999998
0.03,1500,D_pi,0.004456106659104799,0.004456106659104799,0.004456106659104799
0.03,1500,D_pi_manual,0.004456106659104799,0.004456106659104799,0.004456106659104799
0.03,1500,Delta_W,0.004000000000000092,0.004000000000000092,0.004000000000000092
0.03,1500,gamma_ps,0.02399354563239109,0.02399354563239109,0.02399354563239109
0.03,1500,oracle,0.04950000000000002,0.044500000000000026,0.054333333333333345
0.03,1500,stage1,0.4751666666666666,0.4681666666666666,0.48166666666666663
0.03,1500,stage2,0.05816666666666667,0.053000000000000026,0.06316666666666666
0.03,1600,D_pi,0.004456106659104799,0.004456106659104799,0.004456106659104799
0.03,1600,D_pi_manual,0.004456106659104799,0.004456106659104799,0.004456106659104799
0.03,1600,Delta_W,0.004000000000000092,0.004000000000000092,0.004000000000000092
0.03,1600,gamma_ps,0.02399354563239109,0.02399354563239109,0.02399354563239109
0.03,1600,oracle,0.04816666666666668,0.04250000000000001,0.05416666666666667
0.03,1600,stage1,0.4719999999999999,0.46316666666666667,0.4799999999999999
0.03,1600,stage2,0.05216666666666667,0.045666666666666696,0.05833333333333331
0.03,1700,D_pi,0.004456106659104799,0.004456106659104799,0.004456106659104799
0.03,1700,D_pi_manual,0.004456106659104799,0.004456106659104799,0.004456106659104799
0.03,1700,Delta_W,0.004000000000000092,0.004000000000000092,0.004000000000000092
0.03,1700,gamma_ps,0.02399354563239109,0.02399354563239109,0.02399354563239109
0.03,1700,oracle,0.04350000000000003,0.038833333333333366,0.04800000000000004
0.03,1700,stage1,0.4681666666666667,0.4591625,0.4764999999999999
0.03,1700,stage2,0.04933333333333335,0.044000000000000025,0.05483333333333335
0.03,1800,D_pi,0.004456106659104799,0.004456106659104799,0.004456106659104799
0.03,1800,D_pi_manual,0.004456106659104799,0.004456106659104799,0.004456106659104799
0.03,1800,Delta_W,0.004000000000000092,0.004000000000000092,0.004000000000000092
0.03,1800,gamma_ps,0.02399354563239109,0.02399354563239109,0.02399354563239109
0.03,1800,oracle,0.0316666666666667,0.02783333333333336,0.03550000000000004
0.03,1800,stage1,0.4763333333333332,0.4671666666666667,0.4836666666666666
0.03,1800,stage2,0.0371666666666667,0.033162500000000025,0.04183333333333336
0.03,1900,D_pi,0.004456106659104799,0.004456106659104799,0.004456106659104799
0.03,1900,D_pi_manual,0.004456106659104799,0.004456106659104799,0.004456106659104799
0.03,1900,Delta_W,0.004000000000000092,0.004000000000000092,0.004000000000000092
0.03,1900,gamma_ps,0.02399354563239109,0.02399354563239109,0.02399354563239109
0.03,1900,oracle,0.030833333333333362,0.026500000000000024,0.0351666666666667
0.03,1900,stage1,0.46666666666666673,0.45783333333333337,0.47433333333333333
0.03,1900,stage2,0.03300000000000003,0.029500000000000026,0.036666666666666695
0.03,2000,D_pi,0.004456106659104799,0.004456106659104799,0.004456106659104799
0.03,2000,D_pi_manual,0.004456106659104799,0.004456106659104799,0.004456106659104799
0.03,2000,Delta_W,0.004000000000000092,0.004000000000000092,0.004000000000000092
0.03,2000,gamma_ps,0.02399354563239109,0.02399354563239109,0.02399354563239109
0.03,2000,oracle,0.025333333333333357,0.02200000000000002,0.02883333333333336
0.03,2000,stage1,0.4686666666666667,0.45899999999999996,0.47716666666666663
0.03,2000,stage2,0.02883333333333336,0.024833333333333357,0.03300000000000003
0.05,100,D_pi,0.004456106659104652,0.004456106659104652,0.004456106659104652
0.05,100,D_pi_manual,0.004456106659104652,0.004456106659104652,0.004456106659104652
0.05,100,Delta_W,0.003999999999999811,0.003999999999999811,0.003999999999999811
0.05,100,gamma_ps,0.03783185604063465,0.03783185604063465,0.03783185604063465
0.05,100,oracle,0.37633333333333335,0.3633333333333334,0.3891666666666666
0.05,100,stage1,0.4703333333333333,0.46349999999999997,0.4768333333333333
0.05,100,stage2,0.4648333333333334,0.4549958333333333,0.474
0.05,200,D_pi,0.004456106659104652,0.004456106659104652,0.004456106659104652
0.05,200,D_pi_manual,0.004456106659104652,0.004456106659104652,0.004456106659104652
0.05,200,Delta_W,0.003999999999999811,0.003999999999999811,0.003999999999999811
0.05,200,gamma_ps,0.03783185604063465,0.03783185604063465,0.03783185604063465
0.05,200,oracle,0.31200000000000006,0.2998333333333333,0.32400416666666665
0.05,200,stage1,0.47083333333333327,0.4636666666666666,0.4778333333333332
0.05,200,stage2,0.4251666666666666,0.4099999999999999,0.43933333333333324
0.05,300,D_pi,0.004456106659104652,0.004456106659104652,0.004456106659104652
0.05,300,D_pi_manual,0.004456106659104652,0.004456106659104652,0.004456106659104652
0.05,300,Delta_W,0.003999999999999811,0.003999999999999811,0.003999999999999811
0.05,300,gamma_ps,0.03783185604063465,0.03783185604063465,0.03783185604063465
0.05,300,oracle,0.256,0.2435,0.26833333333333337
0.05,300,stage1,0.4736666666666667,0.4665,0.4805
0.05,300,stage2,0.3985000000000001,0.3736625,0.4221666666666666
0.05,400,D_pi,0.004456106659104652,0.004456106659104652,0.004456106659104652
0.05,400,D_pi_manual,0.004456106659104652,0.004456106659104652,0.004456106659104652
0.05,400,Delta_W,0.003999999999999811,0.003999999999999811,0.003999999999999811
0.05,400,gamma_ps,0.03783185604063465,0.03783185604063465,0.03783185604063465
0.05,400,oracle,0.2068333333333333,0.19583333333333336,0.21766666666666667
0.05,400,stage1,0.47133333333333327,0.4658333333333333,0.4766666666666666
0.05,400,stage2,0.3398333333333333,0.30849999999999994,0.3723333333333334
0.05,500,D_pi,0.004456106659104652,0.004456106659104652,0.004456106659104652
0.05,500,D_pi_manual,0.004456106659104652,0.004456106659104652,0.004456106659104652
0.05,500,Delta_W,0.003999999999999811,0.003999999999999811,0.003999999999999811
0.05,500,gamma_ps,0.03783185604063465,0.03783185604063465,0.03783185604063465
0.05,500,oracle,0.17866666666666664,0.16983333333333336,0.1875
0.05,500,stage1,0.4671666666666666,0.4585,0.4753333333333333
0.05,500,stage2,0.2825,0.2466625,0.32199999999999995
0.05,600,D_pi,0.004456106659104652,0.004456106659104652,0.004456106659104652
0.05,600,D_pi_manual,0.004456106659104652,0.004456106659104652,0.004456106659104652
0.05,600,Delta_W,0.003999999999999811,0.003999999999999811,0.003999999999999811
0.05,600,gamma_ps,0.03783185604063465,0.03783185604063465,0.03783185604063465
0.05,600,oracle,0.14950000000000005,0.14266666666666666,0.15616666666666668
0.05,600,stage1,0.4723333333333333,0.4644999999999999,0.4795041666666666
0.05,600,stage2,0.20449999999999996,0.18333333333333338,0.22916666666666666
0.05,700,D_pi,0.004456106659104652,0.004456106659104652,0.004456106659104652
0.05,700,D_pi_manual,0.004456106659104652,0.004456106659104652,0.004456106659104652
0.05,700,Delta_W,0.003999999999999811,0.003999999999999811,0.003999999999999811
0.05,700,gamma_ps,0.03783185604063465,0.03783185604063465,0.03783185604063465
0.05,700,oracle,0.132,0.12500000000000003,0.1391666666666667
0.05,700,stage1,0.4726666666666666,0.4661666666666667,0.4789999999999999
0.05,700,stage2,0.18666666666666665,0.15750000000000003,0.2215
0.05,800,D_pi,0.004456106659104652,0.004456106659104652,0.004456106659104652
0.05,800,D_pi_manual,0.004456106659104652,0.004456106659104652,0.004456106659104652
0.05,800,Delta_W,0.003999999999999811,0.003999999999999811,0.003999999999999811
0.05,800,gamma_ps,0.03783185604063465,0.03783185604063465,0.03783185604063465
0.05,800,oracle,0.11016666666666665,0.10416666666666662,0.11616666666666665
0.05,800,stage1,0.4686666666666667,0.46049999999999996,0.4761666666666667
0.05,800,stage2,0.1355,0.12416666666666669,0.14750416666666663
0.05,900,D_pi,0.004456106659104652,0.004456106659104652,0.004456106659104652
0.05,900,D_pi_manual,0.004456106659104652,0.004456106659104652,0.004456106659104652
0.05,900,Delta_W,0.003999999999999811,0.003999999999999811,0.003999999999999811
0.05,900,gamma_ps,0.03783185604063465,0.03783185604063465,0.03783185604063465
0.05,900,oracle,0.101,0.094,0.10816666666666666
0.05,900,stage1,0.4725,0.4648333333333333,0.4795
0.05,900,stage2,0.13383333333333336,0.11183333333333333,0.16199999999999998
0.05,1000,D_pi,0.004456106659104652,0.004456106659104652,0.004456106659104652
0.05,1000,D_pi_manual,0.004456106659104652,0.004456106659104652,0.004456106659104652
0.05,1000,Delta_W,0.003999999999999811,0.003999999999999811,0.003999999999999811
0.05,1000,gamma_ps,0.03783185604063465,0.03783185604063465,0.03783185604063465
0.05,1000,oracle,0.0863333333333333,0.07983333333333335,0.09316666666666663
0.05,1000,stage1,0.4668333333333333,0.4566666666666667,0.47583333333333333
0.05,1000,stage2,0.0973333333333333,0.08866666666666664,0.10633333333333332
0.05,1100,D_pi,0.004456106659104652,0.004456106659104652,0.004456106659104652
0.05,1100,D_pi_manual,0.004456106659104652,0.004456106659104652,0.004456106659104652
0.05,1100,Delta_W,0.003999999999999811,0.003999999999999811,0.003999999999999811
0.05,1100,gamma_ps,0.03783185604063465,0.03783185604063465,0.03783185604063465
0.05,1100,oracle,0.07349999999999998,0.06633333333333334,0.0813333333333333
0.05,1100,stage1,0.47166666666666657,0.4638333333333333,0.4783333333333334
0.05,1100,stage2,0.08616666666666666,0.07833333333333332,0.09467083333333327
0.05,1200,D_pi,0.004456106659104652,0.004456106659104652,0.004456106659104652
0.05,1200,D_pi_manual,0.004456106659104652,0.004456106659104652,0.004456106659104652
0.05,1200,Delta_W,0.003999999999999811,0.003999999999999811,0.003999999999999811
0.05,1200,gamma_ps,0.03783185604063465,0.03783185604063465,0.03783185604063465
0.05,1200,oracle,0.06849999999999999,0.06166666666666668,0.07516666666666666
0.05,1200,stage1,0.47200000000000003,0.4626666666666667,0.4803374999999999
0.05,1200,stage2,0.07116666666666666,0.06483333333333334,0.07733333333333334
0.05,1300,D_pi,0.004456106659104652,0.004456106659104652,0.004456106659104652
0.05,1300,D_pi_manual,0.004456106659104652,0.004456106659104652,0.004456106659104652
0.05,1300,Delta_W,0.003999999999999811,0.003999999999999811,0.003999999999999811
0.05,1300,gamma_ps,0.03783185604063465,0.03783185604063465,0.03783185604063465
0.05,1300,oracle,0.05733333333333334,0.0526666666666667,0.06216666666666667
0.05,1300,stage1,0.461,0.45383333333333326,0.4676666666666666
0.05,1300,stage2,0.06516666666666665,0.060166666666666674,0.07016666666666664
0.05,1400,D_pi,0.004456106659104652,0.004456106659104652,0.004456106659104652
0.05,1400,D_pi_manual,0.004456106659104652,0.004456106659104652,0.004456106659104652
0.05,1400,Delta_W,0.003999999999999811,0.003999999999999811,0.003999999999999811
0.05,1400,gamma_ps,0.03783185604063465,0.03783185604063465,0.03783185604063465
0.05,1400,oracle,0.05316666666666669,0.04683333333333336,0.059666666666666666
0.05,1400,stage1,0.4701666666666666,0.4603333333333333,0.4789999999999999
0.05,1400,stage2,0.06033333333333333,0.05366666666666665,0.0668333333333333
0.05,1500,D_pi,0.004456106659104652,0.004456106659104652,0.004456106659104652
0.05,1500,D_pi_manual,0.004456106659104652,0.004456106659104652,0.004456106659104652
0.05,1500,Delta_W,0.003999999999999811,0.003999999999999811,0.003999999999999811
0.05,1500,gamma_ps,0.03783185604063465,0.03783185604063465,0.03783185604063465
0.05,1500,oracle,0.04300000000000001,0.03716666666666669,0.04883749999999998
0.05,1500,stage1,0.4703333333333333,0.46199999999999997,0.4778333333333332
0.05,1500,stage2,0.04950000000000001,0.04432916666666668,0.05500000000000001
0.05,1600,D_pi,0.004456106659104652,0.004456106659104652,0.004456106659104652
0.05,1600,D_pi_manual,0.004456106659104652,0.004456106659104652,0.004456106659104652
0.05,1600,Delta_W,0.003999999999999811,0.003999999999999811,0.003999999999999811
0.05,1600,gamma_ps,0.03783185604063465,0.03783185604063465,0.03783185604063465
0.05,1600,oracle,0.03833333333333336,0.03383333333333337,0.04300000000000003
0.05,1600,stage1,0.46216666666666667,0.4506666666666667,0.4729999999999999
0.05,1600,stage2,0.04200000000000002,0.037500000000000026,0.04683333333333337
0.05,1700,D_pi,0.004456106659104652,0.004456106659104652,0.004456106659104652
0.05,1700,D_pi_manual,0.004456106659104652,0.004456106659104652,0.004456106659104652
0.05,1700,Delta_W,0.003999999999999811,0.003999999999999811,0.003999999999999811
0.05,1700,gamma_ps,0.03783185604063465,0.03783185604063465,0.03783185604063465
0.05,1700,oracle,0.035833333333333356,0.031000000000000024,0.04083333333333335
0.05,1700,stage1,0.47366666666666657,0.4653333333333333,0.4809999999999999
0.05,1700,stage2,0.03983333333333336,0.03483333333333336,0.04483333333333337
0.05,1800,D_pi,0.004456106659104652,0.004456106659104652,0.004456106659104652
0.05,1800,D_pi_manual,0.004456106659104652,0.004456106659104652,0.004456106659104652
0.05,1800,Delta_W,0.003999999999999811,0.003999999999999811,0.003999999999999811
0.05,1800,gamma_ps,0.03783185604063465,0.03783185604063465,0.03783185604063465
0.05,1800,oracle,0.02883333333333336,0.02482916666666669,0.03300000000000003
0.05,1800,stage1,0.46799999999999997,0.4589999999999999,0.4764999999999999
0.05,1800,stage2,0.030666666666666693,0.027000000000000024,0.0346666666666667
0.05,1900,D_pi,0.004456106659104652,0.004456106659104652,0.004456106659104652
0.05,1900,D_pi_manual,0.004456106659104652,0.004456106659104652,0.004456106659104652
0.05,1900,Delta_W,0.003999999999999811,0.003999999999999811,0.003999999999999811
0.05,1900,gamma_ps,0.03783185604063465,0.03783185604063465,0.03783185604063465
0.05,1900,oracle,0.028500000000000025,0.024666666666666687,0.03283333333333336
0.05,1900,stage1,0.4696666666666667,0.46099999999999997,0.4779999999999999
0.05,1900,stage2,0.030333333333333358,0.026000000000000023,0.035004166666666635
0.05,2000,D_pi,0.004456106659104652,0.004456106659104652,0.004456106659104652
0.05,2000,D_pi_manual,0.004456106659104652,0.004456106659104652,0.004456106659104652
0.05,2000,Delta_W,0.003999999999999811,0.003999999999999811,0.003999999999999811
0.05,2000,gamma_ps,0.03783185604063465,0.03783185604063465,0.03783185604063465
0.05,2000,oracle,0.02400000000000002,0.020500000000000018,0.02766666666666669
0.05,2000,stage1,0.4696666666666666,0.461,0.4773333333333333
0.05,2000,stage2,0.02683333333333336,0.023333333333333355,0.030500000000000027
0.07,100,D_pi,0.004456106659104857,0.004456106659104857,0.004456106659104857
0.07,100,D_pi_manual,0.004456106659104857,0.004456106659104857,0.004456106659104857
0.07,100,Delta_W,0.0040000000000001935,0.0040000000000001935,0.0040000000000001935
0.07,100,gamma_ps,0.049807361265774786,0.049807361265774786,0.049807361265774786
0.07,100,oracle,0.36566666666666664,0.35416666666666663,0.37666666666666665
0.07,100,stage1,0.4713333333333333,0.4626666666666667,0.4795041666666666
0.07,100,stage2,0.4586666666666667,0.4473333333333334,0.4683333333333334
0.07,200,D_pi,0.004456106659104857,0.004456106659104857,0.004456106659104857
0.07,200,D_pi_manual,0.004456106659104857,0.004456106659104857,0.004456106659104857
0.07,200,Delta_W,0.0040000000000001935,0.0040000000000001935,0.0040000000000001935
0.07,200,gamma_ps,0.049807361265774786,0.049807361265774786,0.049807361265774786
0.07,200,oracle,0.2973333333333334,0.28450000000000003,0.3103333333333333
0.07,200,stage1,0.4721666666666666,0.4636666666666667,0.4799999999999999
0.07,200,stage2,0.4308333333333334,0.41166666666666657,0.44817083333333324
0.07,300,D_pi,0.004456106659104857,0.004456106659104857,0.004456106659104857
0.07,300,D_pi_manual,0.004456106659104857,0.004456106659104857,0.004456106659104857
0.07,300,Delta_W,0.0040000000000001935,0.0040000000000001935,0.0040000000000001935
0.07,300,gamma_ps,0.049807361265774786,0.049807361265774786,0.049807361265774786
0.07,300,oracle,0.252,0.24266666666666667,0.2611666666666667
0.07,300,stage1,0.475,0.46900000000000003,0.481
0.07,300,stage2,0.3911666666666667,0.36449999999999994,0.416
0.07,400,D_pi,0.004456106659104857,0.004456106659104857,0.004456106659104857
0.07,400,D_pi_manual,0.004456106659104857,0.004456106659104857,0.004456106659104857
0.07,400,Delta_W,0.0040000000000001935,0.0040000000000001935,0.0040000000000001935
0.07,400,gamma_ps,0.049807361265774786,0.049807361265774786,0.049807361265774786
0.07,400,oracle,0.20600000000000004,0.19633333333333336,0.2158375
0.07,400,stage1,0.47183333333333327,0.4614958333333333,0.4801666666666666
0.07,400,stage2,0.329,0.2995,0.3598333333333333
0.07,500,D_pi,0.004456106659104857,0.004456106659104857,0.004456106659104857
0.07,500,D_pi_manual,0.004456106659104857,0.004456106659104857,0.004456106659104857
0.07,500,Delta_W,0.0040000000000001935,0.0040000000000001935,0.0040000000000001935
0.07,500,gamma_ps,0.049807361265774786,0.049807361265774786,0.049807361265774786
0.07,500,oracle,0.1701666666666667,0.16266666666666668,0.17816666666666667
0.07,500,stage1,0.46599999999999997,0.45699583333333327,0.47433333333333333
0.07,500,stage2,0.26233333333333336,0.2366666666666667,0.28933333333333333
0.07,600,D_pi,0.004456106659104857,0.004456106659104857,0.004456106659104857
0.07,600,D_pi_manual,0.004456106659104857,0.004456106659104857,0.004456106659104857
0.07,600,Delta_W,0.0040000000000001935,0.0040000000000001935,0.0040000000000001935
0.07,600,gamma_ps,0.049807361265774786,0.049807361265774786,0.049807361265774786
0.07,600,oracle,0.1506666666666667,0.14016666666666666,0.16066666666666668
0.07,600,stage1,0.47349999999999987,0.46483333333333327,0.4815
0.07,600,stage2,0.21533333333333332,0.1885,0.24650833333333327
0.07,700,D_pi,0.004456106659104857,0.004456106659104857,0.004456106659104857
0.07,700,D_pi_manual,0.004456106659104857,0.004456106659104857,0.004456106659104857
0.07,700,Delta_W,0.0040000000000001935,0.0040000000000001935,0.0040000000000001935
0.07,700,gamma_ps,0.049807361265774786,0.049807361265774786,0.049807361265774786
0.07,700,oracle,0.12599999999999997,0.11566666666666667,0.13633333333333333
0.07,700,stage1,0.4709999999999999,0.4623333333333334,0.479
0.07,700,stage2,0.1901666666666667,0.158,0.22983333333333336
0.07,800,D_pi,0.004456106659104857,0.004456106659104857,0.004456106659104857
0.07,800,D_pi_manual,0.004456106659104857,0.004456106659104857,0.004456106659104857
0.07,800,Delta_W,0.0040000000000001935,0.0040000000000001935,0.0040000000000001935
0.07,800,gamma_ps,0.049807361265774786,0.049807361265774786,0.049807361265774786
0.07,800,oracle,0.1158333333333333,0.10999583333333329,0.12216666666666667
0.07,800,stage1,0.46616666666666673,0.45783333333333337,0.474
0.07,800,stage2,0.16666666666666666,0.14083333333333334,0.19867083333333327
0.07,900,D_pi,0.004456106659104857,0.004456106659104857,0.004456106659104857
0.07,900,D_pi_manual,0.004456106659104857,0.004456106659104857,0.004456106659104857
0.07,900,Delta_W,0.0040000000000001935,0.0040000000000001935,0.0040000000000001935
0.07,900,gamma_ps,0.049807361265774786,0.049807361265774786,0.049807361265774786
0.07,900,oracle,0.10166666666666664,0.09416666666666666,0.10933333333333331
0.07,900,stage1,0.4723333333333333,0.4653333333333333,0.479
0.07,900,stage2,0.11800000000000002,0.11,0.126
0.07,1000,D_pi,0.004456106659104857,0.004456106659104857,0.004456106659104857
0.07,1000,D_pi_manual,0.004456106659104857,0.004456106659104857,0.004456106659104857
0.07,1000,Delta_W,0.0040000000000001935,0.0040000000000001935,0.0040000000000001935
0.07,1000,gamma_ps,0.049807361265774786,0.049807361265774786,0.049807361265774786
0.07,1000,oracle,0.07299999999999997,0.068,0.0778333333333333
0.07,1000,stage1,0.4786666666666667,0.47333333333333333,0.4836666666666666
0.07,1000,stage2,0.11750000000000001,0.08816666666666666,0.15766666666666668
0.07,1100,D_pi,0.004456106659104857,0.004456106659104857,0.004456106659104857
0.07,1100,D_pi_manual,0.004456106659104857,0.004456106659104857,0.004456106659104857
0.07,1100,Delta_W,0.0040000000000001935,0.0040000000000001935,0.0040000000000001935
0.07,1100,gamma_ps,0.049807361265774786,0.049807361265774786,0.049807361265774786
0.07,1100,oracle,0.07149999999999998,0.06416249999999998,0.07866666666666665
0.07,1100,stage1,0.46249999999999997,0.451,0.47283333333333316
0.07,1100,stage2,0.08816666666666663,0.0785,0.09999999999999996
0.07,1200,D_pi,0.004456106659104857,0.004456106659104857,0.004456106659104857
0.07,1200,D_pi_manual,0.004456106659104857,0.004456106659104857,0.004456106659104857
0.07,1200,Delta_W,0.0040000000000001935,0.0040000000000001935,0.0040000000000001935
0.07,1200,gamma_ps,0.049807361265774786,0.049807361265774786,0.049807361265774786
0.07,1200,oracle,0.06133333333333333,0.056333333333333346,0.06666666666666665
0.07,1200,stage1,0.4679999999999999,0.4585,0.4771666666666666
0.07,1200,stage2,0.07083333333333332,0.06549999999999999,0.07617083333333328
0.07,1300,D_pi,0.004456106659104857,0.004456106659104857,0.004456106659104857
0.07,1300,D_pi_manual,0.004456106659104857,0.004456106659104857,0.004456106659104857
0.07,1300,Delta_W,0.0040000000000001935,0.0040000000000001935,0.0040000000000001935
0.07,1300,gamma_ps,0.049807361265774786,0.049807361265774786,0.049807361265774786
0.07,1300,oracle,0.05316666666666669,0.04750000000000001,0.058666666666666686
0.07,1300,stage1,0.46449999999999997,0.45799583333333327,0.47166666666666657
0.07,1300,stage2,0.06949999999999999,0.05566249999999998,0.09183333333333331
0.07,1400,D_pi,0.004456106659104857,0.004456106659104857,0.004456106659104857
0.07,1400,D_pi_manual,0.004456106659104857,0.004456106659104857,0.004456106659104857
0.07,1400,Delta_W,0.0040000000000001935,0.0040000000000001935,0.0040000000000001935
0.07,1400,gamma_ps,0.049807361265774786,0.049807361265774786,0.049807361265774786
0.07,1400,oracle,0.0476666666666667,0.04233333333333336,0.05316666666666669
0.07,1400,stage1,0.4678333333333332,0.45783333333333326,0.47649999999999987
0.07,1400,stage2,0.05000000000000002,0.044000000000000025,0.05633333333333336
0.07,1500,D_pi,0.004456106659104857,0.004456106659104857,0.004456106659104857
0.07,1500,D_pi_manual,0.004456106659104857,0.004456106659104857,0.004456106659104857
0.07,1500,Delta_W,0.0040000000000001935,0.0040000000000001935,0.0040000000000001935
0.07,1500,gamma_ps,0.049807361265774786,0.049807361265774786,0.049807361265774786
0.07,1500,oracle,0.044500000000000026,0.038333333333333365,0.05100000000000002
0.07,1500,stage1,0.4688333333333334,0.46083333333333343,0.4766666666666667
0.07,1500,stage2,0.04683333333333338,0.04133333333333336,0.053166666666666716
0.07,1600,D_pi,0.004456106659104857,0.004456106659104857,0.004456106659104857
0.07,1600,D_pi_manual,0.004456106659104857,0.004456106659104857,0.004456106659104857
0.07,1600,Delta_W,0.0040000000000001935,0.0040000000000001935,0.0040000000000001935
0.07,1600,gamma_ps,0.049807361265774786,0.049807361265774786,0.049807361265774786
0.07,1600,oracle,0.03783333333333336,0.03300000000000003,0.04266666666666671
0.07,1600,stage1,0.4701666666666666,0.46216666666666667,0.4774999999999999
0.07,1600,stage2,0.04350000000000003,0.038000000000000034,0.04950000000000002
0.07,1700,D_pi,0.004456106659104857,0.004456106659104857,0.004456106659104857
0.07,1700,D_pi_manual,0.004456106659104857,0.004456106659104857,0.004456106659104857
0.07,1700,Delta_W,0.0040000000000001935,0.0040000000000001935,0.0040000000000001935
0.07,1700,gamma_ps,0.049807361265774786,0.049807361265774786,0.049807361265774786
0.07,1700,oracle,0.03016666666666669,0.025500000000000023,0.034833333333333355
0.07,1700,stage1,0.4631666666666666,0.4548333333333333,0.47133333333333327
0.07,1700,stage2,0.035500000000000025,0.03150000000000003,0.03950000000000003
0.07,1800,D_pi,0.004456106659104857,0.004456106659104857,0.004456106659104857
0.07,1800,D_pi_manual,0.004456106659104857,0.004456106659104857,0.004456106659104857
0.07,1800,Delta_W,0.0040000000000001935,0.0040000000000001935,0.0040000000000001935
0.07,1800,gamma_ps,0.049807361265774786,0.049807361265774786,0.049807361265774786
0.07,1800,oracle,0.03133333333333336,0.026500000000000024,0.03666666666666669
0.07,1800,stage1,0.46866666666666656,0.459,0.4768333333333333
0.07,1800,stage2,0.03400000000000003,0.02933333333333336,0.03883749999999998
0.07,1900,D_pi,0.004456106659104857,0.004456106659104857,0.004456106659104857
0.07,1900,D_pi_manual,0.004456106659104857,0.004456106659104857,0.004456106659104857
0.07,1900,Delta_W,0.0040000000000001935,0.0040000000000001935,0.0040000000000001935
0.07,1900,gamma_ps,0.049807361265774786,0.049807361265774786,0.049807361265774786
0.07,1900,oracle,0.02783333333333336,0.023166666666666686,0.03283333333333336
0.07,1900,stage1,0.46783333333333327,0.45949999999999996,0.4756666666666666
0.07,1900,stage2,0.03183333333333336,0.026500000000000024,0.0371666666666667
0.07,2000,D_pi,0.004456106659104857,0.004456106659104857,0.004456106659104857
0.07,2000,D_pi_manual,0.004456106659104857,0.004456106659104857,0.004456106659104857
0.07,2000,Delta_W,0.0040000000000001935,0.0040000000000001935,0.0040000000000001935
0.07,2000,gamma_ps,0.049807361265774786,0.049807361265774786,0.049807361265774786
0.07,2000,oracle,0.02683333333333336,0.02316250000000002,0.030500000000000027
0.07,2000,stage1,0.46649999999999997,0.4589999999999999,0.4738333333333333
0.07,2000,stage2,0.029500000000000026,0.025500000000000023,0.0336666666666667
0.09,100,D_pi,0.0044561066591047305,0.0044561066591047305,0.0044561066591047305
0.09,100,D_pi_manual,0.0044561066591047305,0.0044561066591047305,0.0044561066591047305
0.09,100,Delta_W,0.003999999999999934,0.003999999999999934,0.003999999999999934
0.09,100,gamma_ps,0.059930568610991664,0.059930568610991664,0.059930568610991664
0.09,100,oracle,0.365,0.35266666666666674,0.37616666666666665
0.09,100,stage1,0.4756666666666666,0.4668333333333333,0.4833333333333333
0.09,100,stage2,0.46366666666666656,0.4513333333333333,0.47433333333333333
0.09,200,D_pi,0.0044561066591047305,0.0044561066591047305,0.0044561066591047305
0.09,200,D_pi_manual,0.0044561066591047305,0.0044561066591047305,0.0044561066591047305
0.09,200,Delta_W,0.003999999999999934,0.003999999999999934,0.003999999999999934
0.09,200,gamma_ps,0.059930568610991664,0.059930568610991664,0.059930568610991664
0.09,200,oracle,0.29583333333333334,0.2855,0.30533333333333335
0.09,200,stage1,0.4734999999999999,0.46633333333333327,0.4805
0.09,200,stage2,0.4196666666666666,0.39899999999999997,0.4385
0.09,300,D_pi,0.0044561066591047305,0.0044561066591047305,0.0044561066591047305
0.09,300,D_pi_manual,0.0044561066591047305,0.0044561066591047305,0.0044561066591047305
0.09,300,Delta_W,0.003999999999999934,0.003999999999999934,0.003999999999999934
0.09,300,gamma_ps,0.059930568610991664,0.059930568610991664,0.059930568610991664
0.09,300,oracle,0.24916666666666665,0.23749999999999996,0.2618333333333333
0.09,300,stage1,0.476,0.4698333333333334,0.4818333333333333
0.09,300,stage2,0.3868333333333334,0.36066666666666675,0.4118333333333334
0.09,400,D_pi,0.0044561066591047305,0.0044561066591047305,0.0044561066591047305
0.09,400,D_pi_manual,0.0044561066591047305,0.0044561066591047305,0.0044561066591047305
0.09,400,Delta_W,0.003999999999999934,0.003999999999999934,0.003999999999999934
0.09,400,gamma_ps,0.059930568610991664,0.059930568610991664,0.059930568610991664
0.09,400,oracle,0.2008333333333333,0.19050000000000003,0.21116666666666664
0.09,400,stage1,0.46566666666666656,0.4580000000000001,0.47300000000000003
0.09,400,stage2,0.29533333333333334,0.271,0.3221666666666666
0.09,500,D_pi,0.0044561066591047305,0.0044561066591047305,0.0044561066591047305
0.09,500,D_pi_manual,0.0044561066591047305,0.0044561066591047305,0.0044561066591047305
0.09,500,Delta_W,0.003999999999999934,0.003999999999999934,0.003999999999999934
0.09,500,gamma_ps,0.059930568610991664,0.059930568610991664,0.059930568610991664
0.09,500,oracle,0.16883333333333334,0.15849999999999997,0.17900000000000002
0.09,500,stage1,0.47416666666666657,0.46699999999999997,0.48083333333333333
0.09,500,stage2,0.24150000000000002,0.21682916666666663,0.269
0.09,600,D_pi,0.0044561066591047305,0.0044561066591047305,0.0044561066591047305
0.09,600,D_pi_manual,0.0044561066591047305,0.0044561066591047305,0.0044561066591047305
0.09,600,Delta_W,0.003999999999999934,0.003999999999999934,0.003999999999999934
0.09,600,gamma_ps,0.059930568610991664,0.059930568610991664,0.059930568610991664
0.09,600,oracle,0.13899999999999998,0.13066666666666665,0.14783333333333334
0.09,600,stage1,0.4713333333333333,0.4628291666666666,0.4788333333333333
0.09,600,stage2,0.2136666666666667,0.18000000000000005,0.25266666666666665
0.09,700,D_pi,0.0044561066591047305,0.0044561066591047305,0.0044561066591047305
0.09,700,D_pi_manual,0.0044561066591047305,0.0044561066591047305,0.0044561066591047305
0.09,700,Delta_W,0.003999999999999934,0.003999999999999934,0.003999999999999934
0.09,700,gamma_ps,0.059930568610991664,0.059930568610991664,0.059930568610991664
0.09,700,oracle,0.12233333333333334,0.11333333333333333,0.13066666666666665
0.09,700,stage1,0.4729999999999999,0.4646666666666667,0.4808333333333332
0.09,700,stage2,0.1588333333333333,0.14266666666666666,0.17716666666666667
0.09,800,D_pi,0.0044561066591047305,0.0044561066591047305,0.0044561066591047305
0.09,800,D_pi_manual,0.0044561066591047305,0.0044561066591047305,0.0044561066591047305
0.09,800,Delta_W,0.003999999999999934,0.003999999999999934,0.003999999999999934
0.09,800,gamma_ps,0.059930568610991664,0.059930568610991664,0.059930568610991664
0.09,800,oracle,0.11416666666666668,0.1055,0.12300000000000001
0.09,800,stage1,0.4768333333333333,0.4681666666666667,0.48449999999999993
0.09,800,stage2,0.1335,0.12016666666666669,0.14683749999999998
0.09,900,D_pi,0.0044561066591047305,0.0044561066591047305,0.0044561066591047305
0.09,900,D_pi_manual,0.0044561066591047305,0.0044561066591047305,0.0044561066591047305
0.09,900,Delta_W,0.003999999999999934,0.003999999999999934,0.003999999999999934
0.09,900,gamma_ps,0.059930568610991664,0.059930568610991664,0.059930568610991664
0.09,900,oracle,0.09299999999999997,0.084,0.10200000000000002
0.09,900,stage1,0.4723333333333334,0.4656666666666666,0.4788333333333333
0.09,900,stage2,0.10533333333333332,0.09666666666666664,0.11399999999999998
0.09,1000,D_pi,0.0044561066591047305,0.0044561066591047305,0.0044561066591047305
0.09,1000,D_pi_manual,0.0044561066591047305,0.0044561066591047305,0.0044561066591047305
0.09,1000,Delta_W,0.003999999999999934,0.003999999999999934,0.003999999999999934
0.09,1000,gamma_ps,0.059930568610991664,0.059930568610991664,0.059930568610991664
0.09,1000,oracle,0.07999999999999999,0.07166666666666667,0.08849999999999998
0.09,1000,stage1,0.4773333333333332,0.4706666666666666,0.4835
0.09,1000,stage2,0.10349999999999998,0.08866666666666667,0.12466666666666665
0.09,1100,D_pi,0.0044561066591047305,0.0044561066591047305,0.0044561066591047305
0.09,1100,D_pi_manual,0.0044561066591047305,0.0044561066591047305,0.0044561066591047305
0.09,1100,Delta_W,0.003999999999999934,0.003999999999999934,0.003999999999999934
0.09,1100,gamma_ps,0.059930568610991664,0.059930568610991664,0.059930568610991664
0.09,1100,oracle,0.06483333333333334,0.057666666666666665,0.07199999999999998
0.09,1100,stage1,0.4729999999999999,0.46483333333333327,0.48017083333333327
0.09,1100,stage2,0.08133333333333331,0.07266666666666666,0.09033333333333331
0.09,1200,D_pi,0.0044561066591047305,0.0044561066591047305,0.0044561066591047305
0.09,1200,D_pi_manual,0.0044561066591047305,0.0044561066591047305,0.0044561066591047305
0.09,1200,Delta_W,0.003999999999999934,0.003999999999999934,0.003999999999999934
0.09,1200,gamma_ps,0.059930568610991664,0.059930568610991664,0.059930568610991664
0.09,1200,oracle,0.06149999999999999,0.05566666666666669,0.06750000000000002
0.09,1200,stage1,0.47233333333333327,0.465,0.4795
0.09,1200,stage2,0.06816666666666667,0.06199999999999999,0.07483333333333331
0.09,1300,D_pi,0.0044561066591047305,0.0044561066591047305,0.0044561066591047305
0.09,1300,D_pi_manual,0.0044561066591047305,0.0044561066591047305,0.0044561066591047305
0.09,1300,Delta_W,0.003999999999999934,0.003999999999999934,0.003999999999999934
0.09,1300,gamma_ps,0.059930568610991664,0.059930568610991664,0.059930568610991664
0.09,1300,oracle,0.05766666666666668,0.05150000000000004,0.06383749999999996
0.09,1300,stage1,0.4715,0.46249999999999997,0.4794999999999999
0.09,1300,stage2,0.0615,0.05500000000000002,0.068
0.09,1400,D_pi,0.0044561066591047305,0.0044561066591047305,0.0044561066591047305
0.09,1400,D_pi_manual,0.0044561066591047305,0.0044561066591047305,0.0044561066591047305
0.09,1400,Delta_W,0.003999999999999934,0.003999999999999934,0.003999999999999934
0.09,1400,gamma_ps,0.059930568610991664,0.059930568610991664,0.059930568610991664
0.09,1400,oracle,0.04733333333333336,0.04200000000000004,0.052500000000000026
0.09,1400,stage1,0.4699999999999999,0.46,0.4791666666666666
0.09,1400,stage2,0.050333333333333355,0.044666666666666716,0.05650416666666663
0.09,1500,D_pi,0.0044561066591047305,0.0044561066591047305,0.0044561066591047305
0.09,1500,D_pi_manual,0.0044561066591047305,0.0044561066591047305,0.0044561066591047305
0.09,1500,Delta_W,0.003999999999999934,0.003999999999999934,0.003999999999999934
0.09,1500,gamma_ps,0.059930568610991664,0.059930568610991664,0.059930568610991664
0.09,1500,oracle,0.04400000000000001,0.038000000000000034,0.05000000000000001
0.09,1500,stage1,0.4693333333333334,0.4628333333333334,0.47550000000000003
0.09,1500,stage2,0.05100000000000002,0.0436666666666667,0.05933333333333334
0.09,1600,D_pi,0.0044561066591047305,0.0044561066591047305,0.0044561066591047305
0.09,1600,D_pi_manual,0.0044561066591047305,0.0044561066591047305,0.0044561066591047305
0.09,1600,Delta_W,0.003999999999999934,0.003999999999999934,0.003999999999999934
0.09,1600,gamma_ps,0.059930568610991664,0.059930568610991664,0.059930568610991664
0.09,1600,oracle,0.03833333333333336,0.03350000000000002,0.043333333333333356
0.09,1600,stage1,0.4689999999999999,0.45749999999999996,0.4788333333333333
0.09,1600,stage2,0.043500000000000025,0.038000000000000034,0.0486666666666667
0.09,1700,D_pi,0.0044561066591047305,0.0044561066591047305,0.0044561066591047305
0.09,1700,D_pi_manual,0.0044561066591047305,0.0044561066591047305,0.0044561066591047305
0.09,1700,Delta_W,0.003999999999999934,0.003999999999999934,0.003999999999999934
0.09,1700,gamma_ps,0.059930568610991664,0.059930568610991664,0.059930568610991664
0.09,1700,oracle,0.03266666666666669,0.02750000000000002,0.038000000000000034
0.09,1700,stage1,0.4715,0.463,0.47916666666666663
0.09,1700,stage2,0.03650000000000002,0.03166666666666669,0.041500000000000016
0.09,1800,D_pi,0.0044561066591047305,0.0044561066591047305,0.0044561066591047305
0.09,1800,D_pi_manual,0.0044561066591047305,0.0044561066591047305,0.0044561066591047305
0.09,1800,Delta_W,0.003999999999999934,0.003999999999999934,0.003999999999999934
0.09,1800,gamma_ps,0.059930568610991664,0.059930568610991664,0.059930568610991664
0.09,1800,oracle,0.026500000000000024,0.02250000000000002,0.030500000000000027
0.09,1800,stage1,0.4721666666666667,0.46383333333333343,0.4796666666666667
0.09,1800,stage2,0.029833333333333358,0.025000000000000022,0.03500000000000002
0.09,1900,D_pi,0.0044561066591047305,0.0044561066591047305,0.0044561066591047305
0.09,1900,D_pi_manual,0.0044561066591047305,0.0044561066591047305,0.0044561066591047305
0.09,1900,Delta_W,0.003999999999999934,0.003999999999999934,0.003999999999999934
0.09,1900,gamma_ps,0.059930568610991664,0.059930568610991664,0.059930568610991664
0.09,1900,oracle,0.022333333333333354,0.019000000000000017,0.02616666666666669
0.09,1900,stage1,0.4634999999999999,0.4548333333333333,0.4718333333333333
0.09,1900,stage2,0.025000000000000022,0.02100000000000002,0.029000000000000026
0.09,2000,D_pi,0.0044561066591047305,0.0044561066591047305,0.0044561066591047305
0.09,2000,D_pi_manual,0.0044561066591047305,0.0044561066591047305,0.0044561066591047305
0.09,2000,Delta_W,0.003999999999999934,0.003999999999999934,0.003999999999999934
0.09,2000,gamma_ps,0.059930568610991664,0.059930568610991664,0.059930568610991664
0.09,2000,oracle,0.020500000000000018,0.01716666666666668,0.02400000000000002
0.09,2000,stage1,0.4568333333333333,0.44549999999999995,0.46699999999999997
0.09,2000,stage2,0.021833333333333354,0.017500000000000016,0.02616666666666669
0.1,100,D_pi,0.004456106659104638,0.004456106659104638,0.004456106659104638
0.1,100,D_pi_manual,0.004456106659104638,0.004456106659104638,0.004456106659104638
0.1,100,Delta_W,0.003999999999999841,0.003999999999999841,0.003999999999999841
0.1,100,gamma_ps,0.06433426040261492,0.06433426040261492,0.06433426040261492
0.1,100,oracle,0.3603333333333334,0.34800000000000003,0.37349999999999994
0.1,100,stage1,0.4706666666666666,0.4633291666666666,0.4775
0.1,100,stage2,0.45150000000000007,0.439,0.46299999999999997
0.1,200,D_pi,0.004456106659104638,0.004456106659104638,0.004456106659104638
0.1,200,D_pi_manual,0.004456106659104638,0.004456106659104638,0.004456106659104638
0.1,200,Delta_W,0.003999999999999841,0.003999999999999841,0.003999999999999841
0.1,200,gamma_ps,0.06433426040261492,0.06433426040261492,0.06433426040261492
0.1,200,oracle,0.29300000000000004,0.28366666666666673,0.30216666666666664
0.1,200,stage1,0.4718333333333333,0.4623333333333334,0.48016666666666663
0.1,200,stage2,0.43366666666666664,0.4133333333333333,0.45333749999999995
0.1,300,D_pi,0.004456106659104638,0.004456106659104638,0.004456106659104638
0.1,300,D_pi_manual,0.004456106659104638,0.004456106659104638,0.004456106659104638
0.1,300,Delta_W,0.003999999999999841,0.003999999999999841,0.003999999999999841
0.1,300,gamma_ps,0.06433426040261492,0.06433426040261492,0.06433426040261492
0.1,300,oracle,0.2401666666666667,0.23083333333333336,0.24983333333333332
0.1,300,stage1,0.47133333333333316,0.462,0.4793333333333333
0.1,300,stage2,0.3799999999999999,0.35783333333333345,0.40283333333333343
0.1,400,D_pi,0.004456106659104638,0.004456106659104638,0.004456106659104638
0.1,400,D_pi_manual,0.004456106659104638,0.004456106659104638,0.004456106659104638
0.1,400,Delta_W,0.003999999999999841,0.003999999999999841,0.003999999999999841
0.1,400,gamma_ps,0.06433426040261492,0.06433426040261492,0.06433426040261492
0.1,400,oracle,0.19699999999999998,0.18783333333333338,0.2065
0.1,400,stage1,0.4764999999999999,0.4703333333333334,0.48200000000000004
0.1,400,stage2,0.3393333333333332,0.3091625,0.36950416666666663
0.1,500,D_pi,0.004456106659104638,0.004456106659104638,0.004456106659104638
0.1,500,D_pi_manual,0.004456106659104638,0.004456106659104638,0.004456106659104638
0.1,500,Delta_W,0.003999999999999841,0.003999999999999841,0.003999999999999841
0.1,500,gamma_ps,0.06433426040261492,0.06433426040261492,0.06433426040261492
0.1,500,oracle,0.1645,0.15483333333333335,0.17383333333333334
0.1,500,stage1,0.4656666666666666,0.45516666666666666,0.47516666666666657
0.1,500,stage2,0.24816666666666667,0.21816666666666668,0.2815041666666666
0.1,600,D_pi,0.004456106659104638,0.004456106659104638,0.004456106659104638
0.1,600,D_pi_manual,0.004456106659104638,0.004456106659104638,0.004456106659104638
0.1,600,Delta_W,0.003999999999999841,0.003999999999999841,0.003999999999999841
0.1,600,gamma_ps,0.06433426040261492,0.06433426040261492,0.06433426040261492
0.1,600,oracle,0.14200000000000002,0.13366666666666666,0.1505
0.1,600,stage1,0.47683333333333333,0.46983333333333327,0.48299999999999993
0.1,600,stage2,0.211,0.18216666666666667,0.24450833333333324
0.1,700,D_pi,0.004456106659104638,0.004456106659104638,0.004456106659104638
0.1,700,D_pi_manual,0.004456106659104638,0.004456106659104638,0.004456106659104638
0.1,700,Delta_W,0.003999999999999841,0.003999999999999841,0.003999999999999841
0.1,700,gamma_ps,0.06433426040261492,0.06433426040261492,0.06433426040261492
0.1,700,oracle,0.12416666666666666,0.11583333333333333,0.13266666666666668
0.1,700,stage1,0.46249999999999997,0.45466666666666655,0.47
0.1,700,stage2,0.1716666666666667,0.15033333333333335,0.19866666666666663
0.1,800,D_pi,0.004456106659104638,0.004456106659104638,0.004456106659104638
0.1,800,D_pi_manual,0.004456106659104638,0.004456106659104638,0.004456106659104638
0.1,800,Delta_W,0.003999999999999841,0.003999999999999841,0.003999999999999841
0.1,800,gamma_ps,0.06433426040261492,0.06433426040261492,0.06433426040261492
0.1,800,oracle,0.11066666666666665,0.10549999999999997,0.1158333333333333
0.1,800,stage1,0.4731666666666667,0.46549999999999997,0.4803333333333333
0.1,800,stage2,0.14183333333333334,0.13166666666666665,0.15399999999999997
0.1,900,D_pi,0.004456106659104638,0.004456106659104638,0.004456106659104638
0.1,900,D_pi_manual,0.004456106659104638,0.004456106659104638,0.004456106659104638
0.1,900,Delta_W,0.003999999999999841,0.003999999999999841,0.003999999999999841
0.1,900,gamma_ps,0.06433426040261492,0.06433426040261492,0.06433426040261492
0.1,900,oracle,0.09399999999999999,0.08666666666666666,0.10133333333333332
0.1,900,stage1,0.4703333333333334,0.46249999999999986,0.47766666666666663
0.1,900,stage2,0.10733333333333332,0.09683333333333331,0.11766666666666667
0.1,1000,D_pi,0.004456106659104638,0.004456106659104638,0.004456106659104638
0.1,1000,D_pi_manual,0.004456106659104638,0.004456106659104638,0.004456106659104638
0.1,1000,Delta_W,0.003999999999999841,0.003999999999999841,0.003999999999999841
0.1,1000,gamma_ps,0.06433426040261492,0.06433426040261492,0.06433426040261492
0.1,1000,oracle,0.08466666666666664,0.07866666666666665,0.09016666666666663
0.1,1000,stage1,0.4693333333333333,0.4591666666666667,0.47833333333333333
0.1,1000,stage2,0.0993333333333333,0.09283333333333331,0.10633333333333334
0.1,1100,D_pi,0.004456106659104638,0.004456106659104638,0.004456106659104638
0.1,1100,D_pi_manual,0.004456106659104638,0.004456106659104638,0.004456106659104638
0.1,1100,Delta_W,0.003999999999999841,0.003999999999999841,0.003999999999999841
0.1,1100,gamma_ps,0.06433426040261492,0.06433426040261492,0.06433426040261492
0.1,1100,oracle,0.07149999999999998,0.06533333333333333,0.0778333333333333
0.1,1100,stage1,0.4703333333333334,0.46333333333333326,0.4771666666666667
0.1,1100,stage2,0.09799999999999999,0.0775,0.12483333333333332
0.1,1200,D_pi,0.004456106659104638,0.004456106659104638,0.004456106659104638
0.1,1200,D_pi_manual,0.004456106659104638,0.004456106659104638,0.004456106659104638
0.1,1200,Delta_W,0.003999999999999841,0.003999999999999841,0.003999999999999841
0.1,1200,gamma_ps,0.06433426040261492,0.06433426040261492,0.06433426040261492
0.1,1200,oracle,0.05933333333333334,0.05350000000000001,0.06549999999999999
0.1,1200,stage1,0.4721666666666667,0.46416666666666667,0.4795
0.1,1200,stage2,0.07099999999999998,0.06199999999999999,0.0818333333333333
0.1,1300,D_pi,0.004456106659104638,0.004456106659104638,0.004456106659104638
0.1,1300,D_pi_manual,0.004456106659104638,0.004456106659104638,0.004456106659104638
0.1,1300,Delta_W,0.003999999999999841,0.003999999999999841,0.003999999999999841
0.1,1300,gamma_ps,0.06433426040261492,0.06433426040261492,0.06433426040261492
0.1,1300,oracle,0.05266666666666668,0.04750000000000003,0.05783333333333334
0.1,1300,stage1,0.4708333333333333,0.4638333333333333,0.47733333333333333
0.1,1300,stage2,0.06000000000000001,0.05400000000000002,0.06583333333333334
0.1,1400,D_pi,0.004456106659104638,0.004456106659104638,0.004456106659104638
0.1,1400,D_pi_manual,0.004456106659104638,0.004456106659104638,0.004456106659104638
0.1,1400,Delta_W,0.003999999999999841,0.003999999999999841,0.003999999999999841
0.1,1400,gamma_ps,0.06433426040261492,0.06433426040261492,0.06433426040261492
0.1,1400,oracle,0.0511666666666667,0.04633333333333335,0.05666666666666668
0.1,1400,stage1,0.4711666666666666,0.464,0.4778333333333332
0.1,1400,stage2,0.05566666666666668,0.05066666666666668,0.0605
0.1,1500,D_pi,0.004456106659104638,0.004456106659104638,0.004456106659104638
0.1,1500,D_pi_manual,0.004456106659104638,0.004456106659104638,0.004456106659104638
0.1,1500,Delta_W,0.003999999999999841,0.003999999999999841,0.003999999999999841
0.1,1500,gamma_ps,0.06433426040261492,0.06433426040261492,0.06433426040261492
0.1,1500,oracle,0.0441666666666667,0.039000000000000035,0.049166666666666685
0.1,1500,stage1,0.4721666666666666,0.46266666666666656,0.4808375
0.1,1500,stage2,0.050833333333333376,0.04533333333333337,0.05633333333333336
0.1,1600,D_pi,0.004456106659104638,0.004456106659104638,0.004456106659104638
0.1,1600,D_pi_manual,0.004456106659104638,0.004456106659104638,0.004456106659104638
0.1,1600,Delta_W,0.003999999999999841,0.003999999999999841,0.003999999999999841
0.1,1600,gamma_ps,0.06433426040261492,0.06433426040261492,0.06433426040261492
0.1,1600,oracle,0.038666666666666696,0.03366666666666669,0.04400000000000002
0.1,1600,stage1,0.46199999999999997,0.4513333333333333,0.47183333333333327
0.1,1600,stage2,0.041000000000000036,0.036833333333333364,0.04533333333333336
0.1,1700,D_pi,0.004456106659104638,0.004456106659104638,0.004456106659104638
0.1,1700,D_pi_manual,0.004456106659104638,0.004456106659104638,0.004456106659104638
0.1,1700,Delta_W,0.003999999999999841,0.003999999999999841,0.003999999999999841
0.1,1700,gamma_ps,0.06433426040261492,0.06433426040261492,0.06433426040261492
0.1,1700,oracle,0.034500000000000024,0.030500000000000027,0.038666666666666696
0.1,1700,stage1,0.47,0.4608291666666666,0.47849999999999987
0.1,1700,stage2,0.03766666666666671,0.0326666666666667,0.042333333333333376
0.1,1800,D_pi,0.004456106659104638,0.004456106659104638,0.004456106659104638
0.1,1800,D_pi_manual,0.004456106659104638,0.004456106659104638,0.004456106659104638
0.1,1800,Delta_W,0.003999999999999841,0.003999999999999841,0.003999999999999841
0.1,1800,gamma_ps,0.06433426040261492,0.06433426040261492,0.06433426040261492
0.1,1800,oracle,0.02816666666666669,0.024666666666666687,0.03150000000000003
0.1,1800,stage1,0.4645,0.4515,0.4758333333333332
0.1,1800,stage2,0.03350000000000002,0.029666666666666692,0.037500000000000026
0.1,1900,D_pi,0.004456106659104638,0.004456106659104638,0.004456106659104638
0.1,1900,D_pi_manual,0.004456106659104638,0.004456106659104638,0.004456106659104638
0.1,1900,Delta_W,0.003999999999999841,0.003999999999999841,0.003999999999999841
0.1,1900,gamma_ps,0.06433426040261492,0.06433426040261492,0.06433426040261492
0.1,1900,oracle,0.025500000000000023,0.021833333333333354,0.02916666666666669
0.1,1900,stage1,0.4646666666666666,0.45483333333333337,0.4738333333333332
0.1,1900,stage2,0.030000000000000027,0.025833333333333357,0.03433333333333336
0.1,2000,D_pi,0.004456106659104638,0.004456106659104638,0.004456106659104638
0.1,2000,D_pi_manual,0.004456106659104638,0.004456106659104638,0.004456106659104638
0.1,2000,Delta_W,0.003999999999999841,0.003999999999999841,0.003999999999999841
0.1,2000,gamma_ps,0.06433426040261492,0.06433426040261492,0.06433426040261492
0.1,2000,oracle,0.024166666666666687,0.020666666666666684,0.028000000000000025
0.1,2000,stage1,0.4641666666666666,0.4548333333333333,0.4726666666666666
0.1,2000,stage2,0.02566666666666669,0.02150000000000002,0.030000000000000027
0.2,100,D_pi,0.004456106659104731,0.004456106659104731,0.004456106659104731
0.2,100,D_pi_manual,0.004456106659104731,0.004456106659104731,0.004456106659104731
0.2,100,Delta_W,0.003999999999999964,0.003999999999999964,0.003999999999999964
0.2,100,gamma_ps,0.09089318268832614,0.09089318268832614,0.09089318268832614
0.2,100,oracle,0.35533333333333333,0.3443333333333333,0.36583333333333334
0.2,100,stage1,0.47200000000000003,0.4646666666666667,0.4793333333333332
0.2,100,stage2,0.453,0.4404958333333333,0.46466666666666673
0.2,200,D_pi,0.004456106659104731,0.004456106659104731,0.004456106659104731
0.2,200,D_pi_manual,0.004456106659104731,0.004456106659104731,0.004456106659104731
0.2,200,Delta_W,0.003999999999999964,0.003999999999999964,0.003999999999999964
0.2,200,gamma_ps,0.09089318268832614,0.09089318268832614,0.09089318268832614
0.2,200,oracle,0.2823333333333334,0.2721666666666667,0.2930000000000001
0.2,200,stage1,0.4788333333333333,0.47200000000000003,0.4851666666666666
0.2,200,stage2,0.4275,0.41099999999999987,0.4443333333333333
0.2,300,D_pi,0.004456106659104731,0.004456106659104731,0.004456106659104731
0.2,300,D_pi_manual,0.004456106659104731,0.004456106659104731,0.004456106659104731
0.2,300,Delta_W,0.003999999999999964,0.003999999999999964,0.003999999999999964
0.2,300,gamma_ps,0.09089318268832614,0.09089318268832614,0.09089318268832614
0.2,300,oracle,0.22999999999999998,0.22,0.24016666666666664
0.2,300,stage1,0.47283333333333327,0.46483333333333327,0.48017083333333327
0.2,300,stage2,0.39633333333333326,0.3733291666666666,0.4185
0.2,400,D_pi,0.004456106659104731,0.004456106659104731,0.004456106659104731
0.2,400,D_pi_manual,0.004456106659104731,0.004456106659104731,0.004456106659104731
0.2,400,Delta_W,0.003999999999999964,0.003999999999999964,0.003999999999999964
0.2,400,gamma_ps,0.09089318268832614,0.09089318268832614,0.09089318268832614
0.2,400,oracle,0.19733333333333333,0.18766249999999993,0.20666666666666664
0.2,400,stage1,0.4776666666666667,0.4716666666666666,0.48316666666666663
0.2,400,stage2,0.3434999999999999,0.3065,0.3811666666666666
0.2,500,D_pi,0.004456106659104731,0.004456106659104731,0.004456106659104731
0.2,500,D_pi_manual,0.004456106659104731,0.004456106659104731,0.004456106659104731
0.2,500,Delta_W,0.003999999999999964,0.003999999999999964,0.003999999999999964
0.2,500,gamma_ps,0.09089318268832614,0.09089318268832614,0.09089318268832614
0.2,500,oracle,0.16566666666666666,0.15800000000000003,0.17283333333333334
0.2,500,stage1,0.47050000000000003,0.4621666666666666,0.4781666666666667
0.2,500,stage2,0.287,0.2461666666666667,0.32966666666666666
0.2,600,D_pi,0.004456106659104731,0.004456106659104731,0.004456106659104731
0.2,600,D_pi_manual,0.004456106659104731,0.004456106659104731,0.004456106659104731
0.2,600,Delta_W,0.003999999999999964,0.003999999999999964,0.003999999999999964
0.2,600,gamma_ps,0.09089318268832614,0.09089318268832614,0.09089318268832614
0.2,600,oracle,0.14000000000000004,0.13099999999999998,0.14850000000000002
0.2,600,stage1,0.4643333333333333,0.455,0.47349999999999987
0.2,600,stage2,0.17483333333333337,0.15483333333333335,0.20150416666666665
0.2,700,D_pi,0.004456106659104731,0.004456106659104731,0.004456106659104731
0.2,700,D_pi_manual,0.004456106659104731,0.004456106659104731,0.004456106659104731
0.2,700,Delta_W,0.003999999999999964,0.003999999999999964,0.003999999999999964
0.2,700,gamma_ps,0.09089318268832614,0.09089318268832614,0.09089318268832614
0.2,700,oracle,0.11916666666666667,0.11183333333333331,0.12633333333333335
0.2,700,stage1,0.46633333333333327,0.45666666666666667,0.47483749999999997
0.2,700,stage2,0.14450000000000002,0.13333333333333333,0.15616666666666668
0.2,800,D_pi,0.004456106659104731,0.004456106659104731,0.004456106659104731
0.2,800,D_pi_manual,0.004456106659104731,0.004456106659104731,0.004456106659104731
0.2,800,Delta_W,0.003999999999999964,0.003999999999999964,0.003999999999999964
0.2,800,gamma_ps,0.09089318268832614,0.09089318268832614,0.09089318268832614
0.2,800,oracle,0.10849999999999999,0.10216666666666664,0.11549999999999998
0.2,800,stage1,0.4619999999999999,0.45366666666666666,0.47066666666666657
0.2,800,stage2,0.14966666666666667,0.12600000000000003,0.18016666666666667
0.2,900,D_pi,0.004456106659104731,0.004456106659104731,0.004456106659104731
0.2,900,D_pi_manual,0.004456106659104731,0.004456106659104731,0.004456106659104731
0.2,900,Delta_W,0.003999999999999964,0.003999999999999964,0.003999999999999964
0.2,900,gamma_ps,0.09089318268832614,0.09089318268832614,0.09089318268832614
0.2,900,oracle,0.09483333333333331,0.08816666666666666,0.10116666666666665
0.2,900,stage1,0.4571666666666667,0.4449958333333333,0.4681666666666666
0.2,900,stage2,0.11149999999999999,0.10216666666666666,0.12083333333333333
0.2,1000,D_pi,0.004456106659104731,0.004456106659104731,0.004456106659104731
0.2,1000,D_pi_manual,0.004456106659104731,0.004456106659104731,0.004456106659104731
0.2,1000,Delta_W,0.003999999999999964,0.003999999999999964,0.003999999999999964
0.2,1000,gamma_ps,0.09089318268832614,0.09089318268832614,0.09089318268832614
0.2,1000,oracle,0.07416666666666666,0.06866666666666667,0.07933333333333331
0.2,1000,stage1,0.44783333333333336,0.4349958333333333,0.4591666666666666
0.2,1000,stage2,0.09716666666666664,0.08299999999999999,0.11983333333333329
0.2,1100,D_pi,0.004456106659104731,0.004456106659104731,0.004456106659104731
0.2,1100,D_pi_manual,0.004456106659104731,0.004456106659104731,0.004456106659104731
0.2,1100,Delta_W,0.003999999999999964,0.003999999999999964,0.003999999999999964
0.2,1100,gamma_ps,0.09089318268832614,0.09089318268832614,0.09089318268832614
0.2,1100,oracle,0.06949999999999998,0.06333333333333334,0.07549999999999997
0.2,1100,stage1,0.46049999999999996,0.44799583333333326,0.4713333333333333
0.2,1100,stage2,0.09566666666666666,0.07616666666666667,0.1276708333333333
0.2,1200,D_pi,0.004456106659104731,0.004456106659104731,0.004456106659104731
0.2,1200,D_pi_manual,0.004456106659104731,0.004456106659104731,0.004456106659104731
0.2,1200,Delta_W,0.003999999999999964,0.003999999999999964,0.003999999999999964
0.2,1200,gamma_ps,0.09089318268832614,0.09089318268832614,0.09089318268832614
0.2,1200,oracle,0.06316666666666665,0.05733333333333334,0.06866666666666665
0.2,1200,stage1,0.4548333333333333,0.4438333333333333,0.4645
0.2,1200,stage2,0.0985,0.06699999999999999,0.14183333333333334
0.2,1300,D_pi,0.004456106659104731,0.004456106659104731,0.004456106659104731
0.2,1300,D_pi_manual,0.004456106659104731,0.004456106659104731,0.004456106659104731
0.2,1300,Delta_W,0.003999999999999964,0.003999999999999964,0.003999999999999964
0.2,1300,gamma_ps,0.09089318268832614,0.09089318268832614,0.09089318268832614
0.2,1300,oracle,0.056333333333333346,0.05083333333333336,0.061833333333333323
0.2,1300,stage1,0.449,0.43666666666666665,0.46066666666666667
0.2,1300,stage2,0.059666666666666666,0.05416666666666669,0.06549999999999997
0.2,1400,D_pi,0.004456106659104731,0.004456106659104731,0.004456106659104731
0.2,1400,D_pi_manual,0.004456106659104731,0.004456106659104731,0.004456106659104731
0.2,1400,Delta_W,0.003999999999999964,0.003999999999999964,0.003999999999999964
0.2,1400,gamma_ps,0.09089318268832614,0.09089318268832614,0.09089318268832614
0.2,1400,oracle,0.04900000000000004,0.04400000000000004,0.05400000000000002
0.2,1400,stage1,0.45233333333333337,0.44016666666666665,0.4641666666666665
0.2,1400,stage2,0.0545,0.04933333333333336,0.05916666666666668
0.2,1500,D_pi,0.004456106659104731,0.004456106659104731,0.004456106659104731
0.2,1500,D_pi_manual,0.004456106659104731,0.004456106659104731,0.004456106659104731
0.2,1500,Delta_W,0.003999999999999964,0.003999999999999964,0.003999999999999964
0.2,1500,gamma_ps,0.09089318268832614,0.09089318268832614,0.09089318268832614
0.2,1500,oracle,0.042500000000000024,0.037833333333333365,0.04700000000000002
0.2,1500,stage1,0.4444999999999999,0.43166666666666664,0.4560041666666667
0.2,1500,stage2,0.04683333333333335,0.04300000000000002,0.05083333333333336
0.2,1600,D_pi,0.004456106659104731,0.004456106659104731,0.004456106659104731
0.2,1600,D_pi_manual,0.004456106659104731,0.004456106659104731,0.004456106659104731
0.2,1600,Delta_W,0.003999999999999964,0.003999999999999964,0.003999999999999964
0.2,1600,gamma_ps,0.09089318268832614,0.09089318268832614,0.09089318268832614
0.2,1600,oracle,0.035500000000000025,0.030333333333333358,0.041000000000000016
0.2,1600,stage1,0.441,0.42666666666666675,0.4535041666666666
0.2,1600,stage2,0.037666666666666675,0.03316666666666669,0.04266666666666669
0.2,1700,D_pi,0.004456106659104731,0.004456106659104731,0.004456106659104731
0.2,1700,D_pi_manual,0.004456106659104731,0.004456106659104731,0.004456106659104731
0.2,1700,Delta_W,0.003999999999999964,0.003999999999999964,0.003999999999999964
0.2,1700,gamma_ps,0.09089318268832614,0.09089318268832614,0.09089318268832614
0.2,1700,oracle,0.02833333333333336,0.024666666666666687,0.03200000000000003
0.2,1700,stage1,0.43166666666666653,0.4168333333333333,0.4471666666666666
0.2,1700,stage2,0.029666666666666692,0.025166666666666688,0.03450000000000004
0.2,1800,D_pi,0.004456106659104731,0.004456106659104731,0.004456106659104731
0.2,1800,D_pi_manual,0.004456106659104731,0.004456106659104731,0.004456106659104731
0.2,1800,Delta_W,0.003999999999999964,0.003999999999999964,0.003999999999999964
0.2,1800,gamma_ps,0.09089318268832614,0.09089318268832614,0.09089318268832614
0.2,1800,oracle,0.029000000000000026,0.025333333333333357,0.03283333333333336
0.2,1800,stage1,0.424,0.40516666666666673,0.4411666666666667
0.2,1800,stage2,0.029333333333333357,0.024833333333333357,0.034333333333333355
0.2,1900,D_pi,0.004456106659104731,0.004456106659104731,0.004456106659104731
0.2,1900,D_pi_manual,0.004456106659104731,0.004456106659104731,0.004456106659104731
0.2,1900,Delta_W,0.003999999999999964,0.003999999999999964,0.003999999999999964
0.2,1900,gamma_ps,0.09089318268832614,0.09089318268832614,0.09089318268832614
0.2,1900,oracle,0.020333333333333353,0.01633333333333335,0.024833333333333357
0.2,1900,stage1,0.4363333333333334,0.42250000000000004,0.44949999999999996
0.2,1900,stage2,0.023166666666666686,0.01883333333333335,0.028000000000000025
0.2,2000,D_pi,0.004456106659104731,0.004456106659104731,0.004456106659104731
0.2,2000,D_pi_manual,0.004456106659104731,0.004456106659104731,0.004456106659104731
0.2,2000,Delta_W,0.003999999999999964,0.003999999999999964,0.003999999999999964
0.2,2000,gamma_ps,0.09089318268832614,0.09089318268832614,0.09089318268832614
0.2,2000,oracle,0.024500000000000022,0.020166666666666683,0.029000000000000026
0.2,2000,stage1,0.4399999999999999,0.42300000000000004,0.45566666666666666
0.2,2000,stage2,0.026000000000000023,0.02150000000000002,0.0306708333333333
